"24hrsign",,"24 Hr Sign",,,,"11:49 05/04/2025"
"amusementride",,"Amusement Ride",,,,"11:49 05/04/2025"
"basementsteps",,"Basement Steps",,,,"11:49 05/04/2025"
"basketballhoop",,"Basketball Hoop",,,,"11:49 05/04/2025"
"basketstack",,"Basket Stack",,,,"11:49 05/04/2025"
"billboardpole",,"Billboard Pole",,,,"11:49 05/04/2025"
"bollard",,"Bollard",,,,"11:49 05/04/2025"
"breakerbox",,"Breaker Box",,,,"11:49 05/04/2025"
"bushbuddleia",,"Bush Buddleia",,,,"11:49 05/04/2025"
"bushmossy",,"Bush Mossy",,,,"11:49 05/04/2025"
"cablespool",,"Cable Spool",,,,"11:49 05/04/2025"
"cctvtower",,"CCTV Tower",,,,"11:49 05/04/2025"
"cityhallexterior",,"City Hall Exterior",,,,"11:49 05/04/2025"
"closetslatdoors",,"Closet Slat Doors",,,,"11:49 05/04/2025"
"clothespile",,"Clothes Pile",,,,"11:49 05/04/2025"
"consumersell",,"Consumer Sell",,,,"11:49 05/04/2025"
"cornerbillboardpole",,"Corner Billboard Pole",,,,"11:49 05/04/2025"
"crane",,"Crane",,,,"11:49 05/04/2025"
"dinerwindowshelf",,"Diner Window Shelf",,,,"11:49 05/04/2025"
"dressonfloor",,"Dress On Floor",,,,"11:49 05/04/2025"
"dynamicclue",,"Dynamic Clue",,,,"11:49 05/04/2025"
"elgensyncmachine",,"El Gen Sync Machine",,,,"11:49 05/04/2025"
"flowerbed",,"Flower Bed",,,,"11:49 05/04/2025"
"flowerbedcorner",,"Flower Bed Corner",,,,"11:49 05/04/2025"
"flowerbedold",,"Flower Bed Old",,,,"11:49 05/04/2025"
"flowerbedoldcorner",,"Flower Bed Old Corner",,,,"11:49 05/04/2025"
"fruitstand",,"Fruit Stand",,,,"11:49 05/04/2025"
"fruitstandapples",,"Fruit Stand Apples",,,,"11:49 05/04/2025"
"fruitstandbananas",,"Fruit Stand Bananas",,,,"11:49 05/04/2025"
"fruitstandcabbages",,"Fruit Stand Cabbages",,,,"11:49 05/04/2025"
"hoteldesklong",,"Hotel Desk Long",,,,"11:49 05/04/2025"
"hotelkeyrack",,"Hotel Key Rack",,,,"11:49 05/04/2025"
"hydrant",,"Hydrant",,,,"11:49 05/04/2025"
"industrialmachinecylinder",,"Industrial Machine Cylinder",,,,"11:49 05/04/2025"
"industrialmachinelarge",,"Industrial Machine Large",,,,"11:49 05/04/2025"
"industrialmachinelong",,"Industrial Machine Long",,,,"11:49 05/04/2025"
"industrialmachineshort",,"Industrial Machine Short",,,,"11:49 05/04/2025"
"lockersx6",,"Lockers X6",,,,"11:49 05/04/2025"
"loom",,"Loom",,,,"11:49 05/04/2025"
"loudspeaker",,"Loudspeaker",,,,"11:49 05/04/2025"
"magazinestand",,"Magazine Stand",,,,"11:49 05/04/2025"
"mailboxes",,"Mailboxes",,,,"11:49 05/04/2025"
"mailboxessmall",,"Mailboxes Small",,,,"11:49 05/04/2025"
"moldedwaitingseats",,"Molded Waiting Seats",,,,"11:49 05/04/2025"
"mooringpost",,"Mooring Post",,,,"11:49 05/04/2025"
"newspaperbox",,"Newspaper Box",,,,"11:49 05/04/2025"
"oldcar",,"Old Car",,,,"11:49 05/04/2025"
"overwatchtower",,"Overwatch Tower",,,,"11:49 05/04/2025"
"paifang",,"Paifang",,,,"11:49 05/04/2025"
"pathedgecorner",,"Path Edge Corner",,,,"11:49 05/04/2025"
"pathedgestraight",,"Path Edge Straight",,,,"11:49 05/04/2025"
"routerbox",,"Router Box",,,,"11:49 05/04/2025"
"scaffoldingsectionplain",,"Scaffolding Section Plain",,,,"11:49 05/04/2025"
"scaffoldingsectionplanks",,"Scaffolding Section Planks",,,,"11:49 05/04/2025"
"scaffoldingsectionstairs",,"Scaffolding Section Stairs",,,,"11:49 05/04/2025"
"scaffoldingsectiontarp",,"Scaffolding Section Tarp",,,,"11:49 05/04/2025"
"securitydoordouble",,"Security Door Double",,,,"11:49 05/04/2025"
"securitydoortriple",,"Security Door Triple",,,,"11:49 05/04/2025"
"shirtonfloor",,"Shirt On Floor",,,,"11:49 05/04/2025"
"skip",,"Skip",,,,"11:49 05/04/2025"
"streetbridgeplain",,"Street Bridge Plain",,,,"11:49 05/04/2025"
"streetcrates",,"Street Crates",,,,"11:49 05/04/2025"
"streetcrates2",,"Street Crates2",,,,"11:49 05/04/2025"
"streetcrates3",,"Street Crates3",,,,"11:49 05/04/2025"
"streetjunk",,"Street Junk",,,,"11:49 05/04/2025"
"streetjunklarge",,"Street Junk Large",,,,"11:49 05/04/2025"
"streetlocker",,"Street Locker",,,,"11:49 05/04/2025"
"streetmarketstand",,"Street Market Stand",,,,"11:49 05/04/2025"
"streetrubble01",,"Street Rubble01",,,,"11:49 05/04/2025"
"streetrubble02",,"Street Rubble02",,,,"11:49 05/04/2025"
"streetrubble03",,"Street Rubble03",,,,"11:49 05/04/2025"
"streetrubble04",,"Street Rubble04",,,,"11:49 05/04/2025"
"streetrubble05",,"Street Rubble05",,,,"11:49 05/04/2025"
"streetrubble06",,"Street Rubble06",,,,"11:49 05/04/2025"
"streettree1",,"Street Tree1",,,,"11:49 05/04/2025"
"streettree2",,"Street Tree2",,,,"11:49 05/04/2025"
"streettree3",,"Street Tree3",,,,"11:49 05/04/2025"
"streetvendorcart",,"Street Vendor Cart",,,,"11:49 05/04/2025"
"supermarketcounterleft",,"Supermarket Counter Left",,,,"11:49 05/04/2025"
"supermarketcounterright",,"Supermarket Counter Right",,,,"11:49 05/04/2025"
"supermarketemptyshelflarge",,"Supermarket Empty Shelf Large",,,,"11:49 05/04/2025"
"supermarketemptyshelfsmall",,"Supermarket Empty Shelf Small",,,,"11:49 05/04/2025"
"supermarketendshelf",,"Supermarket End Shelf",,,,"11:49 05/04/2025"
"supermarketfreezercorner",,"Supermarket Freezer Corner",,,,"11:49 05/04/2025"
"supermarketscales",,"Supermarket Scales",,,,"11:49 05/04/2025"
"supermarketshelving1",,"Supermarket Shelving1",,,,"11:49 05/04/2025"
"supermarketshelving2",,"Supermarket Shelving2",,,,"11:49 05/04/2025"
"supermarketsignstarch",,"Supermarket Sign Starch",,,,"11:49 05/04/2025"
"supermarketsignsynthbeef",,"Supermarket Sign Synth Beef",,,,"11:49 05/04/2025"
"syncbed",,"Sync Bed",,,,"11:49 05/04/2025"
"synthfishstand",,"Synth Fish Stand",,,,"11:49 05/04/2025"
"talljunkshelfdouble",,"Tall Junk Shelf Double",,,,"11:49 05/04/2025"
"telephonebooth",,"Telephone Booth",,,,"11:49 05/04/2025"
"televisionbillboard",,"Television Billboard",,,,"11:49 05/04/2025"
"townhouseexterior",,"Townhouse Exterior",,,,"11:49 05/04/2025"
"trafficlightsoverhead",,"Traffic Lights Overhead",,,,"11:49 05/04/2025"
"tree",,"Tree",,,,"11:49 05/04/2025"
"treedead",,"Tree Dead",,,,"11:49 05/04/2025"
"treedeadfir",,"Tree Dead Fir",,,,"11:49 05/04/2025"
"treetall",,"Tree Tall",,,,"11:49 05/04/2025"
"treewarped",,"Tree Warped",,,,"11:49 05/04/2025"
"trousersonfloor",,"Trousers On Floor",,,,"11:49 05/04/2025"
"underdeskdrawers",,"Under Desk Drawers",,,,"11:49 05/04/2025"
"victorianstreetlight",,"Victorian Street Light",,,,"11:49 05/04/2025"
"vintagewalllampballroom",,"Vintage Wall Lamp Ballroom",,,,"11:49 05/04/2025"
"walkinclosetitems",,"Walk In Closet Items",,,,"11:49 05/04/2025"
"wallgrimebottom",,"Wall Grime Bottom",,,,"11:49 05/04/2025"
"wallgrimetop",,"Wall Grime Top",,,,"11:49 05/04/2025"
"washingmachines",,"Washing Machines",,,,"11:49 05/04/2025"
